NumberOfSections:,
Machine:,
SizeOfOptionalHeader:,
MajorLinkerVersion:,
MinorLinkerVersion:,
SizeOfCode:,
SizeOfInitializedData:,
SizeOfUninitializedData:,
AddressOfEntryPoint:,
BaseOfCode:,
BaseOfData:,
ImageBase:,
SectionAlignment:,
FileAlignment:,
MajorOperatingSystemVersion:,
MinorOperatingSystemVersion:,
MajorImageVersion:,
MinorImageVersion:,
MajorSubsystemVersion:,
MinorSubsystemVersion:,
SizeOfImage:,
SizeOfHeaders:,
CheckSum:,
Subsystem:,
SizeOfStackReserve:,
SizeOfStackCommit:,
SizeOfHeapReserve:,
SizeOfHeapCommit:,
LoaderFlags:,
NumberOfRvaAndSizes:,
e_cblp:,
e_cp:,
e_cparhdr:,
e_maxalloc:,
e_sp:,
e_lfanew:,
