advapi32.dll,32
kernel32.dll,31
oleaut32.dll,27
ole32.dll,24
shell32.dll,23
dwmapi.dll,20
comctl32.dll,15
user32.dll,15
imm32.dll,14
ws2_32.dll,13
wininet.dll,12
uxtheme.dll,11
dnsapi.dll,11
cryptsp.dll,10
shlwapi.dll,10
sxs.dll,10
gdi32.dll,9
msvbvm60.dll,9
rpcrt4.dll,8
msvcrt.dll,8
vb6chs.dll,8
apphelp.dll,7
api-ms-win-service-management-l1-1-0.dll,7
iphlpapi.dll,7
msvcp60.dll,7
api-ms-win-service-winsvc-l1-1-0.dll,6
psapi.dll,6
setupapi.dll,6
ntmarta.dll,5
odbcint.dll,5
mpr.dll,5
odbc32.dll,5
netapi32.dll,5
icmp.dll,5
profapi.dll,4
version.dll,4
api-ms-win-security-sddl-l1-1-0.dll,4
snmpapi.dll,4
wintrust.dll,3
windowscodecs.dll,3
propsys.dll,3
cscui.dll,3
ntshrui.dll,3
ehstorshell.dll,3
ntdll.dll,3
avicap32.dll,3
api-ms-win-core-localregistry-l1-1-0.dll,3
feclient.dll,2
urlmon.dll,2
winsta.dll,2
utildll.dll,2
netutils.dll,1
credssp.dll,1
riched20.dll,1
msi.dll,1
nsi.dll,1
mscorjit.dll,1
bootstrappercore.dll,1
clbcatq.dll,1
imagehlp.dll,1
wshqos.dll,1
cryptnet.dll,1
mscorwks.dll,1
mscorsec.dll,1
system.xml.ni.dll,1
sensapi.dll,1
wship6.dll,1
mbahost.dll,1
bcryptprimitives.dll,1
mswsock.dll,1
mscorlib.ni.dll,1
winhttp.dll,1
srclient.dll,1
crypt32.dll,1
bcrypt.dll,1
api-ms-win-service-management-l2-1-0.dll,1
system.ni.dll,1
cfgmgr32.dll,1
ncrypt.dll,1
sspicli.dll,1
system.configuration.ni.dll,1
rpcrtremote.dll,1
mscoree.dll,1
clusapi.dll,1
pstorec.dll,1
accesscontrol.dll,1
findprocdll.dll,1
devrtl.dll,1
shfolder.dll,1
sfc.dll,1
msftedit.dll,1
xmllite.dll,1
msls31.dll,1
powrprof.dll,1
gdiplus.dll,1
api-ms-win-security-lsalookup-l1-1-0.dll,1
inetmib1.dll,1
dhcpcsvc.dll,1
dhcpcsvc6.dll,1
678.dll,1
mlang.dll,1
ieframe.dll,1
winmm.dll,1
mshtml.dll,1
idmmkb.dll,1
riched32.dll,1
hcappres.dll,1
