advapi32.dll,7
ole32.dll,6
kernel32.dll,6
shell32.dll,5
dwmapi.dll,5
uxtheme.dll,4
oleaut32.dll,4
comctl32.dll,4
wintrust.dll,3
windowscodecs.dll,3
apphelp.dll,3
cscui.dll,3
ntshrui.dll,3
ehstorshell.dll,3
propsys.dll,2
feclient.dll,2
ntmarta.dll,2
cryptsp.dll,2
version.dll,2
api-ms-win-service-management-l1-1-0.dll,2
rpcrt4.dll,2
netutils.dll,1
credssp.dll,1
riched20.dll,1
msi.dll,1
ntdll.dll,1
profapi.dll,1
nsi.dll,1
mscorjit.dll,1
bootstrappercore.dll,1
clbcatq.dll,1
imagehlp.dll,1
wshqos.dll,1
cryptnet.dll,1
mscorwks.dll,1
ws2_32.dll,1
mscorsec.dll,1
system.xml.ni.dll,1
sensapi.dll,1
wship6.dll,1
mbahost.dll,1
iphlpapi.dll,1
bcryptprimitives.dll,1
mswsock.dll,1
mscorlib.ni.dll,1
winhttp.dll,1
srclient.dll,1
crypt32.dll,1
bcrypt.dll,1
user32.dll,1
api-ms-win-service-management-l2-1-0.dll,1
system.ni.dll,1
cfgmgr32.dll,1
ncrypt.dll,1
api-ms-win-security-sddl-l1-1-0.dll,1
sspicli.dll,1
api-ms-win-service-winsvc-l1-1-0.dll,1
system.configuration.ni.dll,1
rpcrtremote.dll,1
shlwapi.dll,1
mscoree.dll,1
clusapi.dll,1
