kernel32.dll,6579
advapi32.dll,5950
ole32.dll,5360
oleaut32.dll,5013
dwmapi.dll,4822
shell32.dll,4668
comctl32.dll,4215
uxtheme.dll,3223
imm32.dll,3111
rpcrt4.dll,2964
user32.dll,2693
api-ms-win-security-sddl-l1-1-0.dll,2290
apphelp.dll,2251
setupapi.dll,2236
gdi32.dll,2199
ws2_32.dll,2183
ntmarta.dll,2064
shlwapi.dll,2049
profapi.dll,1978
wininet.dll,1964
cryptsp.dll,1744
dnsapi.dll,1707
api-ms-win-service-management-l1-1-0.dll,1510
iphlpapi.dll,1492
api-ms-win-core-localregistry-l1-1-0.dll,1453
api-ms-win-service-winsvc-l1-1-0.dll,1424
version.dll,1422
propsys.dll,1350
sxs.dll,1288
wintrust.dll,969
ntdll.dll,956
msvbvm60.dll,950
vb6chs.dll,924
windowscodecs.dll,862
msvcrt.dll,862
psapi.dll,856
mswsock.dll,848
mpr.dll,779
dhcpcsvc.dll,736
rtutils.dll,713
rasman.dll,696
msvcp60.dll,686
napinsp.dll,685
winrnr.dll,684
pnrpnsp.dll,684
urlmon.dll,644
ntshrui.dll,620
netapi32.dll,617
crypt32.dll,586
userenv.dll,565
clbcatq.dll,556
ehstorshell.dll,535
cscui.dll,532
riched20.dll,531
gdiplus.dll,531
rasapi32.dll,529
nlaapi.dll,506
shfolder.dll,495
odbcint.dll,494
snmpapi.dll,485
odbc32.dll,469
netutils.dll,458
sensapi.dll,448
comdlg32.dll,442
winmm.dll,434
msimg32.dll,401
wsock32.dll,391
secur32.dll,391
bcryptprimitives.dll,378
icmp.dll,366
cryptbase.dll,359
msftedit.dll,359
credssp.dll,332
rasadhlp.dll,329
oleacc.dll,327
avicap32.dll,314
api-ms-win-security-lsalookup-l1-1-0.dll,301
xmllite.dll,292
sspicli.dll,288
ieframe.dll,281
winhttp.dll,276
msi.dll,271
rpcrtremote.dll,253
system.dll,245
cfgmgr32.dll,245
inetmib1.dll,228
mlang.dll,209
rstrtmgr.dll,203
wship6.dll,200
dbghelp.dll,198
wshqos.dll,194
sqmapi.dll,193
nsi.dll,184
msctf.dll,184
feclient.dll,183
api-ms-win-service-management-l2-1-0.dll,182
ieui.dll,180
ieproxy.dll,179
mscoree.dll,165
comres.dll,164
findprocdll.dll,162
riched32.dll,154
dhcpcsvc6.dll,154
ncrypt.dll,152
imagehlp.dll,151
bcrypt.dll,143
mscorwks.dll,140
mscorlib.ni.dll,130
cryptnet.dll,130
cabinet.dll,128
olepro32.dll,124
msls31.dll,122
accesscontrol.dll,122
linkinfo.dll,119
devrtl.dll,110
wtsapi32.dll,108
wkscli.dll,107
slc.dll,106
cscapi.dll,99
normaliz.dll,99
sfc.dll,95
mshtml.dll,87
srclient.dll,85
srvcli.dll,84
winsta.dll,84
powrprof.dll,83
mscorsec.dll,81
mmdevapi.dll,80
audioses.dll,78
usp10.dll,76
mscorjit.dll,75
system.ni.dll,73
goopdate.dll,73
duser.dll,72
installoptions.dll,72
nsdialogs.dll,67
clusapi.dll,67
pstorec.dll,66
system.xml.ni.dll,64
system.configuration.ni.dll,61
shcore.dll,61
midimap.dll,60
mbahost.dll,58
msv1_0.dll,57
langdll.dll,50
netmsg.dll,50
bootstrappercore.dll,45
oledlg.dll,45
idmmkb.dll,44
npgoogleupdate3.dll,40
psmachine.dll,40
userinfo.dll,40
asycfilt.dll,39
advpack.dll,36
msisip.dll,36
dui70.dll,35
uac.dll,34
tsappcmp.dll,34
samlib.dll,33
msasn1.dll,33
spinf.dll,31
rahook.dll,30
msimtf.dll,30
drprov.dll,28
davclnt.dll,28
vboxmrxnp.dll,28
ntlanman.dll,28
nsexec.dll,27
twapi-2.0a7.dll,27
system.windows.forms.ni.dll,27
system.drawing.ni.dll,27
security.dll,27
jsproxy.dll,26
dsound.dll,26
ddraw.dll,26
rescuewinrtlib.dll,25
newdev.dll,24
twapi-be29e7f1-71ae-4703-50cb-1d52be512f51.dll,24
lpk.dll,24
issetup.dll,23
culture.dll,23
adsmsext.dll,23
wshext.dll,21
ieshims.dll,20
fastprox.dll,20
wdscore.dll,19
inetc.dll,19
tvgetversion.dll,19
rsaenh.dll,19
msihnd.dll,18
dsrole.dll,18
wixstdba.dll,18
mfc42.dll,18
untfs.dll,18
pxd.dll,17
fastmm_fulldebugmode.dll,17
lightupdate.dll,17
zlib1.dll,17
devil.dll,17
libcurl.dll,17
bigup2.dll,17
comsvcs.dll,17
bafunctions.dll,17
unidrvui.dll,17
shelllink.dll,17
avrt.dll,16
7zxa.dll,16
mxdwdui.dll,16
md5dll.dll,16
samcli.dll,15
iconcodecservice.dll,15
_setup.dll,15
shdocvw.dll,15
crtdll.dll,14
wer.dll,13
isxdl.dll,13
glu32.dll,13
utildll.dll,12
_sfx_.dll,12
d3d9.dll,12
fontsub.dll,11
mxdwdrv.dll,11
mscms.dll,11
davhlpr.dllole32.dll,11
innocallback.dll,11
werui.dll,10
isrt.dll,10
vb6es.dll,10
isdone.dll,10
fwpuclnt.dll,10
actxprxy.dll,10
hid.dll,10
_isdecmp.dll,10
inetload.dll,10
mapi32.dll,9
kernelbase.dll,9
netbios.dll,9
wab32res.dll,9
wab32.dll,9
admparse.dll,9
guig.dll,8
system.management.ni.dll,8
system.data.ni.dll,8
system.data.dll,8
nsis7z.dll,8
decoder.dll,8
imgutil.dll,8
setup.dll,8
atl.dll,8
vb6cht.dll,8
tapi32.dll,8
winbrand.dll,8
nsisdl.dll,8
mpclient.dll,7
bass.dll,7
cryptui.dll,7
python27.dll,7
pdh.dll,7
islnetworkstart.dll,7
dfdll.dll,7
idp.dll,7
sfc_os.dll,7
nsprocess.dll,7
gds32.dll,7
api-ms-win-core-threadpool-l1-1-0.dll,7
api-ms-win-core-handle-l1-1-0.dll,7
api-ms-win-core-debug-l1-1-0.dll,7
api-ms-win-core-profile-l1-1-0.dll,7
api-ms-win-core-io-l1-1-0.dll,7
api-ms-win-core-fibers-l1-1-0.dll,7
api-ms-win-security-base-l1-1-0.dll,7
api-ms-win-core-heap-l1-1-0.dll,7
api-ms-win-core-util-l1-1-0.dll,7
api-ms-win-core-rtlsupport-l1-1-0.dll,7
api-ms-win-core-synch-l1-1-0.dll,7
api-ms-win-core-memory-l1-1-0.dll,7
api-ms-win-core-misc-l1-1-0.dll,7
api-ms-win-core-localization-l1-1-0.dll,7
api-ms-win-core-errorhandling-l1-1-0.dll,7
api-ms-win-core-sysinfo-l1-1-0.dll,7
api-ms-win-core-string-l1-1-0.dll,7
api-ms-win-core-libraryloader-l1-1-0.dll,7
api-ms-win-core-namedpipe-l1-1-0.dll,7
api-ms-win-core-processenvironment-l1-1-0.dll,7
api-ms-win-core-file-l1-1-0.dll,7
spfileq.dll,7
dbnmpntw.dll,7
dbnetlib.dll,7
msfeeds.dll,7
twain_32.dll,7
idmnetmon.dll,7
idmshellext.dll,7
httpapi.dll,6
_isres_0x0409.dll,6
vclstylesinno.dll,6
_iscrypt.dll,6
pl_rsrc_english.dll,6
system.transactions.dll,6
system.transactions.ni.dll,6
wmploc.dll,6
tfssetupux.dll,6
vb6it.dll,6
magnification.dll,6
libeay32.dll,6
dinput8.dll,6
vboxogl.dll,6
dinput.dll,6
msdmo.dll,6
dfshim.dll,6
diasymreader.dll,6
setupui.dll,6
setupresources.dll,6
schannel.dll,6
oleaccrc.dll,6
api-ms-win-core-datetime-l1-1-0.dll,6
api-ms-win-core-interlocked-l1-1-0.dll,6
api-ms-win-core-console-l1-1-0.dll,6
api-ms-win-core-processthreads-l1-1-0.dll,6
faultrep.dll,6
mapistub.dll,6
sshnas21.dll,6
wshen.dll,6
wshenu.dll,6
wsheng.dll,6
sfmapi.dll,6
folderprovider.dll,5
dismcore.dll,5
dismprov.dll,5
dismcoreps.dll,5
logprovider.dll,5
splash.dll,5
dialogsex.dll,5
bidlab.dll,5
odbccp32.dll,5
wintb.dll,5
system.serviceprocess.ni.dll,5
ssleay32.dll,5
libssl32.dll,5
xinput1_3.dll,5
xinput1_4.dll,5
system.deployment.ni.dll,5
nvapi.dll,5
api-ms-win-core-winrt-l1-1-0.dll,5
api-ms-win-core-winrt-string-l1-1-0.dll,5
mbapreq.dll,5
presentationframework.ni.dll,5
system.core.ni.dll,5
windowsbase.ni.dll,5
presentationcore.ni.dll,5
wpfgfx_v0300.dll,5
msvcr80.dll,5
unpack.dll,5
_isres.dll,5
ucrtbase.dll,5
installhelperplugin.dll,5
d3dim700.dll,5
idndl.dll,5
botva2.dll,5
jscript9.dll,5
dpx.dll,5
gameuxinstallhelper.dll,5
ntdsapi.dll,5
microsoft.visualbasic.ni.dll,5
idmiecc.dll,5
__asdfg.dll,5
itdownload.dll,4
genteert.dll,4
report.dll,4
drivermanager.dll,4
installhelper.dll,4
iebdsofthelperplug.dll,4
bp.dll,4
rassapi.dll,4
wlanapi.dll,4
system.enterpriseservices.ni.dll,4
ehetw.dll,4
setupenu.dll,4
gentee.dll,4
colorui.dll,4
compstui.dll,4
inetres.dll,4
wmvcore.dll,4
wminet_utils.dll,4
wshtcpip.dll,4
iertutil.dll,4
microsoft.managementconsole.ni.dll,4
eventviewer.ni.dll,4
miguicontrols.ni.dll,4
unires.dll,4
htmlayout.dll,4
system.web.ni.dll,4
stdutils.dll,4
explorerframe.dll,4
fusion.dll,4
ginstall.dll,4
connect.dll,4
isslideshow.dll,4
_isuser.dll,4
wintab32.dll,4
vsbasereqs.dll,4
setupres.dll,4
sitsetup.dll,4
system.runtime.remoting.ni.dll,4
nsrandom.dll,4
pwrshsip.dll,4
syncui.dll,4
hcappres.dll,4
wmiapres.dll,4
fp4autl.dll,4
srrstr.dll,3
netid.dll,3
swsupport.dll,3
gpapi.dll,3
inetbgdl.dll,3
msvfw32.dll,3
crashrpt1403.dll,3
wd160vm.dll,3
bugtrap.dll,3
dciman32.dll,3
wmp.dll,3
vdmredir.dll,3
ntvdmd.dll,3
readcustomerdata.dll,3
psvince.dll,3
libkacm.dll,3
url.dll,3
base64.dll,3
vb6de.dll,3
msacm32.dll,3
uiautomationcore.dll,3
win32u.dll,3
serviceshelper.dll,3
opengl32.dll,3
dsetup.dll,3
mfplat.dll,3
msoe.dll,3
wecapi.dll,3
dsncadmin_inst.dll,3
libmysql.dll,3
symsrv.dll,3
mscorsvc.dll,3
instup.dll,3
aavmrpch.dll,3
system.servicemodel.ni.dll,3
smdiagnostics.ni.dll,3
system.servicemodel.web.ni.dll,3
dupvalid.dll,3
dellspmsg.dll,3
uninstallplugin.dll,3
xpsp2res.dll,3
ws2help.dll,3
dicrpki.dll,3
msdtcvsp1res.dll,3
objectps.dll,3
dpnathlp.dll,3
instui.dll,3
kernel.dll,3
sysclass.dll,3
wnaspi32.dll,3
suiteinfo.dll,3
vs70uimgr.dll,3
sage.dll,3
wlanmm.dll,3
pythonba.dll,3
brandingurl.dll,3
aero.dll,3
get_hw_caps.dll,3
idmvs.dll,3
downlwithidm.dll,3
idmfsa.dll,3
idmgetall.dll,3
rasdlg.dll,3
wmpnssci.dll,3
regapi.dll,3
msnmetal.dll,3
isign32.dll,3
dpvoice.dll,3
wiaservc.dll,3
wiatrace.dll,3
imepadsm.dll,3
shell.dll,2
logmein.dll,2
loggingplatform.dll,2
filesyncclient.dll,2
sechost.dll,2
vmx.dll,2
msader15.dll,2
nshwfp.dll,2
dot3cfg.dll,2
netiohlp.dll,2
p2pnetsh.dll,2
nshipsec.dll,2
whhelper.dll,2
fwcfg.dll,2
rasmontr.dll,2
rpcnsh.dll,2
nettrace.dll,2
hnetmon.dll,2
wwancfg.dll,2
nshhttp.dll,2
wshelper.dll,2
napmontr.dll,2
peerdistsh.dll,2
dhcpcmonitor.dll,2
wcnnetsh.dll,2
authfwcfg.dll,2
ifmon.dll,2
wlancfg.dll,2
wbemcomn.dll,2
wscapi.dll,2
wbemprox.dll,2
vaultcli.dll,2
wbemsvc.dll,2
davhlpr.dll,2
fwbase.dll,2
startmenu.dll,2
_isuser_0x0409.dll,2
mciseq.dll,2
gginst.dll,2
merger.dll,2
turboactivate.dll,2
system.configuration.install.ni.dll,2
mcstore.ni.dll,2
getversion.dll,2
commswrapper.dll,2
bitsprx4.dll,2
es.dll,2
unppmd.dll,2
fundisc.dll,2
getdatasetup.dll,2
wow32.dll,2
istask.dll,2
xinput9_1_0.dll,2
rgb9rast.dll,2
lmiguardiandll.dll,2
vb6jp.dll,2
pcacli.dll,2
ahni18n2.dll,2
presentationframework.aero.ni.dll,2
webio.dll,2
winmmbase.dll,2
pgpmapih.dll,2
wevtapi.dll,2
dxva2.dll,2
sd0409.dll,2
nsisstartmenu.dll,2
bullseyecoverage-2-x86.dll,2
install.res.1033.dll,2
ktmw32.dll,2
pcwum.dll,2
system.runtime.serialization.ni.dll,2
dl.dll,2
skin_engine.dll,2
protocoldll.dll,2
imjp10k.dll,2
odbcconf.dll,2
quartz.dll,2
nsarray.dll,2
wldap32.dll,2
webbrowser.dll,2
sprutcamdealerlang.dll,2
combase.dll,2
cmdhtml.dll,2
proj.dll,2
credui.dll,2
igdi.dll,2
b2p.dll,2
odclientresource0409.dll,2
odclientresource0009.dll,2
customui.dll,2
api-ms-win-service-core-l1-1-0.dll,2
v8licwrap.dll,2
setuploc.dll,2
fveapi.dll,2
reagent.dll,2
d3dx8.dll,2
dplayx.dll,2
skinbtn.dll,2
vb6fr.dll,2
ieatgpc.dll,2
xul.dll,2
idapi32.dll,2
krdevui.dll,2
pf3600pro.dll,2
wbaspi32.dll,2
ss3600ice.dll,2
scan08.dll,2
powslide.dll,2
rfs3600.dll,2
wnaspi33.dll,2
cnql4801.dll,2
sti.dll,2
pf1800lab.dll,2
pf3650lab.dll,2
cnql3201.dll,2
prodice.dll,2
pf7250pro3.dll,2
ps3650.dll,2
t2embed.dll,2
wwanmm.dll,2
van.dll,2
rasmm.dll,2
crypto32.dll,2
mferesource_0009.dll,2
mferesource_0409.dll,2
mferesource.dll,2
netcfgx.dll,2
wwaninst.dll,2
nci.dll,2
wlaninst.dll,2
netshell.dll,2
neth.dll,2
isskin.dll,2
xwizards.dll,2
rasgcw.dll,2
cliconfg.dll,2
msvcr90.dll,2
icm32.dll,2
uiribbonres.dll,2
uiribbon.dll,2
vbzip10.dll,2
dllstatic.dll,2
285.dll,2
p2p.dll,2
adsldpc.dll,2
dpnhpast.dll,2
imjp81k.dll,2
mstscax.dll,2
btlog.dll,2
avmeter.dll,2
imlang.dll,2
pintlcsa.dll,2
osprovider.dll,2
peprovider.dll,2
ssshim.dll,2
realbap1.dll,1
wimprovider.dll,1
compatprovider.dll,1
remotepg.dll,1
ieexecremote.dll,1
4648loc.dll,1
4648enu.dll,1
killproc.dll,1
utils.dll,1
affiliate.dll,1
d3dref9.dll,1
1746loc.dll,1
1746enu.dll,1
psuser.dll,1
1716loc.dll,1
1716enu.dll,1
citools.dll,1
msjet40.dll,1
odbcji32.dll,1
odbcjt32.dll,1
msjter40.dll,1
printisolationproxy.dll,1
vboxhook.dll,1
cpuidsdk.dll,1
umbraoptimizer32.dll,1
ffspkcfg.dll,1
libmfxsw32.dll,1
libmfxhw32.dll,1
cmnclim.dll,1
nsisinstallui.dll,1
nsprocessw.dll,1
prisme5.dll,1
pl_rsrc_temp.dll,1
system.runtime.serialization.formatters.soap.ni.dll,1
ehui.dll,1
resutils.dll,1
custom64.dll,1
6168.dll,1
ekc3220.dll,1
teamviewer_staticres.dll,1
tv_w32.dll,1
teamviewer_resource_en.dll,1
aips_is_install_dll.dll,1
xojoguiframework32.dll,1
intelcommon.dll,1
1442loc.dll,1
1442enu.dll,1
jse.dll,1
prncache.dll,1
tabbtnex.dll,1
tabbtn.dll,1
5367loc.dll,1
5367enu.dll,1
pcan_usb.dll,1
cityhash.dll,1
5904loc.dll,1
5904enu.dll,1
pywintypes27.dll,1
pythoncom27.dll,1
lz32.dll,1
msodeusa.dll,1
audiointercom.dll,1
playctrl.dll,1
streamtransclient.dll,1
netstream.dll,1
xaudio2_8.dll,1
nlsdl.dll,1
pimetextservice.dll,1
resource.dll,1
1931loc.dll,1
1931enu.dll,1
4424loc.dll,1
4424enu.dll,1
dedicated.dll,1
nitro_kissmetrics.dll,1
6563enu.dll,1
6563loc.dll,1
advsplash.dll,1
6066loc.dll,1
6066enu.dll,1
468loc.dll,1
468enu.dll,1
avira.oe.setup.installationcore.dll,1
mbs_cocoabase_nsimage_plugin_18844.dll,1
mbs_macosxcg_cggeometry_plugin_18844.dll,1
mbs_macosxcg_cgdisplay_plugin_18844.dll,1
mbs_util_memory_plugin_18844.dll,1
mbs_util_endian_plugin_18844.dll,1
mbs_compression_zip_plugin_18844.dll,1
mbs_macosxcf_cfdictionaryarray_plugin_18844.dll,1
internet encodings.dll,1
mbs_picture_picturewin_plugin_18844.dll,1
mbs_win_windowshtmlviewer_plugin_18844.dll,1
mbs_util_folderitems_plugin_18844.dll,1
mbs_picture_pictureeditor_plugin_18844.dll,1
mbs_macosxcg_growicon_plugin_18844.dll,1
mbs_win_win_plugin_18844.dll,1
mbs__squish_squish_plugin_18677.dll,1
mbs_util_stringrtf_plugin_18844.dll,1
mbs_util_window_plugin_18844.dll,1
mbs_overlay_overlay_plugin_18844.dll,1
mbs_cocoabase_nscolor_plugin_18844.dll,1
mbs_png_png_plugin_18844.dll,1
mbs_macosxcf_cfpreferences_plugin_18844.dll,1
mbs_util_filemapping_plugin_18844.dll,1
mbs_picture_picturerotate_plugin_18844.dll,1
mbs_util_systeminformation_plugin_18844.dll,1
mbs_picture_screenshot_plugin_18844.dll,1
rbguiframework.dll,1
mbs_util_main_plugin_18844.dll,1
mbs_tiff_tiff_plugin_18844.dll,1
mbs_util_process_plugin_18844.dll,1
mbs_cocoabase_nsnotification_plugin_18844.dll,1
browser plugin.dll,1
guikit.dll,1
mbs_picture_picturecopy_plugin_18844.dll,1
mbs_picture_icon_plugin_18844.dll,1
mbs_main_registration_plugin_18844.dll,1
mbs_macosx_windowgroup_plugin_18844.dll,1
mbs_win_windowsvm_plugin_18844.dll,1
mbs_cocoabase_nsbase_plugin_18844.dll,1
mbs_picture_picture_plugin_18844.dll,1
mbs_macosxcf_cf_plugin_18844.dll,1
mbs_main_pluginversion_plugin_18844.dll,1
appearance pak.dll,1
mbs_largepicture_image_plugin_18844.dll,1
mbs_macosxcg_cg_plugin_18844.dll,1
crypto.dll,1
mbs_picture_picturememory_plugin_18844.dll,1
6813loc.dll,1
6813enu.dll,1
peerdist.dll,1
winnsi.dll,1
api-ms-win-downlevel-shlwapi-l2-1-0.dll,1
dwrite.dll,1
api-ms-win-downlevel-advapi32-l2-1-0.dll,1
360p2sp.dll,1
intel.tools.dll,1
commandlineutility.dll,1
chipset.bootstrapper.dll,1
bootstrapper.dll,1
libcef.dll,1
ba10premium.dll,1
5839loc.dll,1
5839enu.dll,1
vmemgr.dll,1
cv8ntsspvme.dll,1
vmiuniv.dll,1
vmitempe.dll,1
kbdru.dll,1
4030enu.dll,1
4030loc.dll,1
3161loc.dll,1
3161enu.dll,1
install.res.3082.dll,1
2598enu.dll,1
2598loc.dll,1
4783loc.dll,1
4783enu.dll,1
6603enu.dll,1
6603loc.dll,1
sciter-x.dll,1
plgliveinstaller.dll,1
plgsciterbase.dll,1
6621loc.dll,1
6621enu.dll,1
vspctxt.dll,1
5446enu.dll,1
5446loc.dll,1
5564loc.dll,1
5564enu.dll,1
iisres.dll,1
debug_tools.dll,1
4589enu.dll,1
4589.exebrmfcwndusa.dll,1
4589loc.dll,1
brlogapi.dll,1
brdbgout.dll,1
brdbgotw.dll,1
tvproc.dll,1
olmapi32.dll,1
360base.dll,1
7z.dll,1
ixavsnsisutil_is.dll,1
avgsetupapix.dll,1
pla.dll,1
sglang.dll,1
6149loc.dll,1
6149enu.dll,1
1382loc.dll,1
1382enu.dll,1
5554loc.dll,1
5554enu.dll,1
folderplugin.dll,1
armaccess.dll,1
sprutlm.dll,1
d3dxof.dll,1
fs_ccf_settings32.dll,1
1678loc.dll,1
1678enu.dll,1
2933enu.dll,1
2933loc.dll,1
ccset.dll,1
ccvrtrst.dll,1
4323loc.dll,1
4323enu.dll,1
autorun.dll,1
quserex.dll,1
iswin7logo.dll,1
v6svc_oem.dll,1
1771loc.dll,1
1771enu.dll,1
tools4installer.dll,1
imjp12k.dll,1
ievision.dll,1
5747loc.dll,1
5747enu.dll,1
win32.dll,1
perl512.dll,1
process.dll,1
jsonconfig.dll,1
sppc.dll,1
msoobeui.dll,1
wd140vm.dll,1
std.dll,1
lime-legacy.dll,1
qpro32.dll,1
wsutilities.dll,1
mutex.dll,1
wsoverlay.dll,1
haspds_windows.dll,1
ikernel.dll,1
lmsmbkel.dll,1
ipgmsg.dll,1
innoselfprotect.dll,1
innohelpers.dll,1
downloadmanagerapi.dll,1
installwrapper.dll,1
pctui.dll,1
downloadmanagerwrapper.dll,1
u3dapi10.dll,1
tiscript.dll,1
pcttprotect32.dll,1
svctaglib.dll,1
aamd532.dll,1
iuresource.dll,1
4231loc.dll,1
4231enu.dll,1
createmutex.dll,1
d3d11.dll,1
dxgi.dll,1
4755enu.dll,1
4755loc.dll,1
vpatch.dll,1
156enu.dll,1
156loc.dll,1
npibanksignplugin.dll,1
4449loc.dll,1
4449enu.dll,1
buildlib.dll,1
op_wndproc.dll,1
op_logging.dll,1
vk_state.dll,1
vk_sscan.dll,1
vk_uz.dll,1
mctres.dll,1
ceffacade.dll,1
kl_service.dll,1
5010enu.dll,1
5010loc.dll,1
tsiutil.dll,1
nsniuniuskin.dll,1
msdrm.dll,1
3738enu.dll,1
3738loc.dll,1
wbdhd44i.dll,1
opera_installer_2019454440972.dll,1
opera_installer_2019461042579.dll,1
opera_installer_2019454440321.dll,1
opera_installer_201945444091.dll,1
nvcpl.dll,1
1953loc.dll,1
1953enu.dll,1
microsoft.build.framework.ni.dll,1
microsoft.build.engine.ni.dll,1
5162loc.dll,1
5162enu.dll,1
3297loc.dll,1
3297enu.dll,1
eagleres.dll,1
devobj.dll,1
spp.dll,1
vssapi.dll,1
vsstrace.dll,1
suhlpr.dll,1
dotnetchecker.dll,1
extendedconsole.dll,1
1778enu.dll,1
1778loc.dll,1
atiadlxx.dll,1
atiadlxy.dll,1
cdintf300.dll,1
344enu.dll,1
344loc.dll,1
1675enu.dll,1
1675loc.dll,1
crcdll.dll,1
6915enu.dll,1
6915loc.dll,1
callbackctrl.dll,1
isgsg.dll,1
4180loc.dll,1
4180enu.dll,1
uclientstartup.dll,1
wweb32.dll,1
4597enu.dll,1
4597loc.dll,1
3392enu.dll,1
3392loc.dll,1
kcpsettings.dll,1
modresrloc.dll,1
modresr.dll,1
modresrenu.dll,1
1594loc.dll,1
1594enu.dll,1
6980loc.dll,1
6980enu.dll,1
imageres.dll,1
691loc.dll,1
691enu.dll,1
_ad2438.dll,1
5545enu.dll,1
5545loc.dll,1
wd210vm.dll,1
customresource0009.dll,1
tsu.dll,1
836enu.dll,1
836loc.dll,1
wd220vm.dll,1
teamviewer_resource_nl.dll,1
5585enu.dll,1
5585loc.dll,1
svrapi.dll,1
5206loc.dll,1
5206enu.dll,1
1635loc.dll,1
1635enu.dll,1
6058loc.dll,1
6058enu.dll,1
6473.exewdscore.dll,1
5587loc.dll,1
5587enu.dll,1
129enu.dll,1
129loc.dll,1
diresenu.dll,1
ehtrace.dll,1
ehres.dll,1
dupgeninv.dll,1
storelibir-2.dll,1
storelibir.dll,1
storelib.dll,1
tmdbg32.dll,1
4066enu.dll,1
4066loc.dll,1
msdtcprx.dll,1
144.dll,1
snaresupport.dll,1
zlib.dll,1
6916enu.dll,1
6916loc.dll,1
gcapi_dll.dll,1
sites.dll,1
ppdraw.dll,1
5192_0409.dll,1
5192_0009.dll,1
2303enu.dll,1
2303loc.dll,1
freemake_dl.dll,1
1687loc.dll,1
1687enu.dll,1
yssnp.dll,1
webfacade.dll,1
rdhdll.dll,1
mfeaaca.dll,1
mcsacins.dll,1
ibxcert.dll,1
hotfixinstallerui.dll,1
6081enu.dll,1
6081loc.dll,1
stdui.dll,1
2044enu.dll,1
2044loc.dll,1
customertools.dll,1
nsjson.dll,1
setupplugin.dll,1
sogouimebrokerps.dll,1
4334enu.dll,1
4334loc.dll,1
python35.dll,1
framelaunchres.dll,1
rpchttp.dll,1
2191enu.dll,1
2191loc.dll,1
6110loc.dll,1
6110enu.dll,1
customlicense.dll,1
5114loc.dll,1
5114enu.dll,1
2673enu.dll,1
2673loc.dll,1
3772enu.dll,1
3772loc.dll,1
buttonevent.dll,1
opera_installer_2019453714113.dll,1
opera_installer_2019453713311.dll,1
opera_installer_201945371391.dll,1
opera_installer_2019465258217.dll,1
nsisfirewall.dll,1
wixextba.dll,1
3328enu.dll,1
3328loc.dll,1
dtlui.dll,1
vminstutil.dll,1
module_ws.dll,1
module_license.dll,1
module_core.dll,1
vnetlib.dll,1
install.res.dll,1
sdlicense.dll,1
awiml32.dll,1
qtim32.dll,1
wmpps.dll,1
auxiliarydisplayapi.dll,1
3439loc.dll,1
3439enu.dll,1
6472enu.dll,1
6472loc.dll,1
778enu.dll,1
778loc.dll,1
lightui.dll,1
v8.dll,1
util.scheduler.dll,1
util.io.dll,1
util.registry.dll,1
749loc.dll,1
749enu.dll,1
waterctrl.dll,1
_wutl951.dll,1
zdatai51.dll,1
filesystem_stdio.dll.dll,1
filesystem_stdio.dll,1
lpksetupproxyserv.dll,1
msvcr100.dll,1
msvcp100.dll,1
lua5.1.dll,1
5536_0009.dll,1
5536_0409.dll,1
ctapiw32.dll,1
sciter32.dll,1
mmf2d3d9.dll,1
mmfs2.dll,1
drvstore.dll,1
3796enu.dll,1
3796loc.dll,1
afpay.dll,1
3617enu.dll,1
3617loc.dll,1
isx.dll,1
kgskin.dll,1
mxmlrun.dll,1
ik6file.dll,1
ik6effect.dll,1
ik6com.dll,1
ik6print.dll,1
banner.dll,1
service.dll,1
wdfcoinstaller01009.dll,1
perfcounter.dll,1
2732loc.dll,1
2732enu.dll,1
linker.dll,1
hntr2t.dll,1
6073loc.dll,1
6073enu.dll,1
dhcpini.dll,1
4703enu.dll,1
4703loc.dll,1
mprmsg.dll,1
4705enu.dll,1
4705loc.dll,1
fbclient.dll,1
1167loc.dll,1
1167enu.dll,1
binkw32.dll,1
ambul.dll,1
esent.dll,1
6089enu.dll,1
6089loc.dll,1
4053enu.dll,1
4053loc.dll,1
vb6ko.dll,1
dbmslpcn.dll,1
flengine.dll,1
4758loc.dll,1
4758enu.dll,1
2521.dll,1
logging.dll,1
vulkan-1.dll,1
protflt.dll,1
nfccapi.dll,1
microsoft.mediacenter.ni.dll,1
microsoft.mediacenter.ui.ni.dll,1
browcli.dll,1
mcepg.ni.dll,1
ehiproxy.ni.dll,1
ehproxy.dll,1
isllight.dll,1
4050loc.dll,1
4050enu.dll,1
scext.dll,1
4469enu.dll,1
reminderrc.dll,1
muitransfer.dll,1
4469loc.dll,1
install.res.1053.dll,1
2749loc.dll,1
2749enu.dll,1
torrent.dll,1
kl_platf_core.dll,1
qwave.dll,1
icbcgm_mwusbkey.dll,1
icbc_mwusbkey.dll,1
3636loc.dll,1
3636enu.dll,1
uiucstm.dll,1
uiuptch.dll,1
vifbom.dll,1
2264loc.dll,1
2264enu.dll,1
mdotnetexec.dll,1
mwinrunexec.dll,1
1905enu.dll,1
1905loc.dll,1
jlab500.dll,1
macdrapi.dll,1
3080enu.dll,1
3080loc.dll,1
killprocdll.dll,1
lvapi11.dll,1
bassmusic.dll,1
innoextractor.dll,1
6611loc.dll,1
6611enu.dll,1
tutusetup.dll,1
live.dll,1
nbexec.dll,1
dxgidebug.dll,1
g4wihelp.dll,1
pbcore.dll,1
pb3dll.dll,1
6830enu.dll,1
6830loc.dll,1
vb6stkit.dll,1
rbap350.dll,1
6096enu.dll,1
6096loc.dll,1
caaphishbo.dll,1
updspapi.dll,1
2enu.dll,1
2loc.dll,1
nsisarray.dll,1
aepic.dll,1
mshwlatin.dll,1
3764loc.dll,1
3764enu.dll,1
fdproxy.dll,1
3982loc.dll,1
3982enu.dll,1
microsoft.powershell.gpowershell.ni.dll,1
microsoft.powershell.commands.diagnostics.ni.dll,1
microsoft.powershell.commands.utility.ni.dll,1
microsoft.powershell.editor.ni.dll,1
microsoft.powershell.commands.management.ni.dll,1
system.directoryservices.ni.dll,1
uiautomationprovider.ni.dll,1
system.management.automation.ni.dll,1
microsoft.powershell.security.ni.dll,1
microsoft.powershell.consolehost.ni.dll,1
presentationnative_v0300.dll,1
microsoft.wsman.management.ni.dll,1
cpudesc.dll,1
6541enu.dll,1
6541loc.dll,1
3437enu.dll,1
3437loc.dll,1
d3d8thk.dll,1
newadvsplash.dll,1
vdmdbg.dll,1
installdll.dll,1
aclui.dll,1
iviewers.dll,1
mozglue.dll,1
wucltux.dll,1
bexception.dll,1
sqlite3.dll,1
babyservices.dll,1
cindeshell.dll,1
3706enu.dll,1
3706loc.dll,1
319loc.dll,1
319enu.dll,1
expsrv.dll,1
vbajet32.dll,1
7e084f24.dll,1
913bbfd6.dll,1
1932d24e.dll,1
6556116a.dll,1
91bf1eee.dll,1
3920e3bf.dll,1
3626d7f3.dll,1
058dba24.dll,1
9ad446c7.dll,1
62a6a363.dll,1
1260enu.dll,1
1260loc.dll,1
avifil32.dll,1
kailleraclient.dll,1
atcomm32.dll,1
5531enu.dll,1
5531loc.dll,1
registry.dll,1
4828loc.dll,1
4828enu.dll,1
5125enu.dll,1
5125loc.dll,1
382.dll,1
wpcap.dll,1
824.dll,1
api-ms-win-core-delayload-l1-1-0.dll,1
189.dll,1
491.dll,1
msvbvm50.dll,1
752.dll,1
4loc.dll,1
4enu.dll,1
606.dll,1
753.dll,1
shareds.dll,1
556.dll,1
649.dll,1
bassmod.dll,1
293.dll,1
67.dll,1
684.dll,1
509.dll,1
170.dll,1
14.dll,1
222.dll,1
227.dll,1
776.dll,1
iesp2.dll,1
249.dll,1
536.dll,1
719.dll,1
578.dll,1
336.dll,1
593.dll,1
703.dll,1
wdigest.dll,1
mf.dll,1
nnhfalb.dll,1
246.dll,1
172.dll,1
310.dll,1
baidubar.dll,1
977.dll,1
219.dll,1
704.dll,1
523.dll,1
bhoass.dll,1
win32st.dll,1
675.dll,1
707.dll,1
vpets.dll,1
pbp.dll,1
180.dll,1
678.dll,1
742.dll,1
730.dll,1
781.dll,1
mstask.dll,1
680.dll,1
pstlhr.dll,1
299.dll,1
33.dll,1
722.dll,1
804.dll,1
796.dll,1
724.dll,1
728.dll,1
oqabf.dll,1
784.dll,1
788.dll,1
195.dll,1
808.dll,1
733.dll,1
610.dll,1
233.dll,1
795.dll,1
493.dll,1
682.dll,1
275.dll,1
wlerv2.dll,1
hnetwiz.dll,1
mydocs.dll,1
fms.dll,1
cards.dll,1
chtskdic.dll,1
chtskf.dll,1
hwxcht.dll,1
imtctip.dll,1
chtmbx.dll,1
msswch.dll,1
mcicda.dll,1
mciqtz32.dll,1
mciavi32.dll,1
mciwave.dll,1
msgslang.dll,1
kvsc3.dll,1
cbsprovider.dll,1
